"crim","zn","indus","chas","nox","rm","age","dis","rad","tax","ptratio","black","lstat","medv"
0.00412331216343359,0,0.463006559878754,0,0.0215801170898314,0.260801845226225,3.7246680296353,0.0908102895393776,0.0382334131285263,4.487675086178,0.837378798807941,5.47405789700149,0.252869693853021,0.882484167392897
0.010606911211884,0,0.28424037614939,0,0.0184355742291134,0.217488977107096,3.06957990904856,0.178165012825307,0.189763125959628,4.70866278735275,0.775206173824849,5.43382171909034,0.454599417118492,0.735973658731367
0.0661961408089155,0,0.663255904279703,0,0.0199403721134264,0.265898712841519,3.57402686116305,0.0680009720138564,0.167062387670288,6.69145100464959,0.510752870430085,5.20075835059122,0.125970048218172,1.74722436285532
0.00996651846414458,0,0.687836441594709,0,0.0191257124672528,0.200236327373597,3.39552143812293,0.0559794287771014,0.12413094376378,7.2081226105061,0.681762414219903,5.5719563142407,0.48582325938544,0.581897484169025
0.694586460212644,0,0.494123019692115,0,0.0181919623702234,0.14380562724054,2.59553536088913,0.0443963819827649,0.649076211402894,10.5067739866339,0.561035798581143,1.73013320059522,0.729771184699322,0.28996955836688
0.102253397092366,0,0.43365324139769,0,0.0136455042798801,0.14676357704849,2.18206297560921,0.0717639504870472,0.569769068742277,10.598987803968,0.492388439527614,5.46985877658574,0.391617126123149,0.48700711478565
0.0022864519762479,2.4732669364285,0.0815594419552652,0,0.014157437248178,0.228642726005174,0.791796831533589,0.279487208613015,0.179495188894823,5.89336134243377,0.552951735199246,5.13757451360602,0.181900429839841,0.845458299936247
0.00365105452410683,0.804784513998283,0.289697742268368,0.0402392256999142,0.0187076860899566,0.243571390359621,2.72043531878928,0.159517045935838,0.122907843287551,3.65358210479764,0.79640917605602,5.42132806164374,0.571437169805469,0.89177308497805
0.0776707346942669,0,0.452775644263565,0,0.016090511389022,0.143103811973544,1.29830242334237,0.0757507386662714,0.594925722226938,10.5296526159736,0.513966372560503,4.57078681754627,0.354657051505596,0.508300071529648
0.00231793165773835,0,0.105164688278933,0,0.0202128705910501,0.330962987922609,2.40297191992036,0.13382262019962,0.126256169807089,3.14101942699877,0.782275630027126,5.40587614273187,0.191317740732563,2.21040824584737
0.00297544623064814,1.30745326916469,0.0893852183754192,0,0.0187376610837163,0.300672259399806,3.16547623460397,0.124270662536326,0.282431717283832,3.6590252733168,0.776666429197452,5.52781392352893,0.266848787639488,1.41879769635428
0.137262583090138,0,0.434573459076386,0,0.0125455916902749,0.148876709455811,1.68042273335311,0.0811943511262072,0.571045437562403,10.5578242771462,0.493306889467443,5.45038644595843,0.258729044859234,0.563884930540451
0.00197302549266147,0,0.180526876479282,0,0.0175280594249668,0.254144102903554,2.03701168796968,0.188298679669813,0.118866581219038,4.01725104126918,0.76342159112644,5.46830244259928,0.388844303123473,0.991801648023271
0.00408618417873195,1.559822494288,0.258528199985757,0.0389955623572001,0.0174649837241236,0.289716272501069,2.12527334267089,0.188890248338877,0.15879489254743,4.18693471751908,0.730423815774254,5.42367223455681,0.245422722566544,1.38650382600387
0.0927924319283134,0,0.446212456312059,0,0.0186332029097929,0.153050747567252,2.43303603118065,0.0558652726763482,0.586163451537558,10.6197388212745,0.506795555771485,4.83286610569842,0.351034289002992,0.50128386109852
0.41279665262781,0,0.500954113764342,0,0.0201379910322328,0.169226748941977,2.89993847010264,0.0523662625143781,0.658696930100195,10.264445337353,0.56757970796754,0.123973177841942,0.734297136879364,0.245264434783007
0.00216030284560046,0,0.106651762157968,0,0.0147902843603337,0.206684958662871,0.604419779444577,0.168887947132411,0.130135948701376,6.93624067851329,0.568238007238158,5.15990113494782,0.242648485022773,0.763464920699029
0.0198923973419474,0.764183079496163,0.156936863364475,0,0.0247697323751531,0.328107832099408,3.93109813826702,0.0884834391091583,0.194514333135556,4.38015421398498,0.529109784043159,5.42233499276922,0.235001108501587,1.99906182952638
0.0021074741557647,0,0.105727018641395,0,0.0146619051115782,0.189846495289818,0.900869558541865,0.167421350789442,0.129005921198033,6.94715520705019,0.563356840884829,5.26786699952458,0.326737370514676,0.646405574670443
0.00185754342082544,0,0.43343228272935,0,0.0143893044702101,0.208566786560474,1.95994288974146,0.166412915593102,0.166763260609527,6.5113489684217,0.646715570875313,5.37398939577115,0.418842754040722,0.737013588193933
0.00825396039503493,0,0.414984334048566,0.0379707903371948,0.0186016519459748,0.225108406821373,2.25057849882634,0.140230704275834,0.154446824784695,4.53353767432051,0.748476426319813,5.41786806295013,0.631548493804916,0.906626629488787
0.00377293243758505,0,0.23808388638142,0,0.0193406081359144,0.230780323221769,2.61121559650961,0.13215599530197,0.196757531388182,4.56342523240536,0.787895762618998,5.22747999705017,0.458292183267581,0.825538196432786
0.00459960904794551,0,0.289841051166487,0,0.0171478325095727,0.206799616330401,3.3138145101662,0.0804888685157411,0.167075223713205,6.32314279213823,0.725089264630308,5.49128932105877,0.419528083294849,0.701142474622243
0.00172880539078591,0,0.542983000940163,0.037879894212018,0.0208719775198949,0.227697662143525,2.33855293926558,0.119192469107288,0.192593294253569,4.51871724681028,0.658351911669974,5.4455160020427,0.530977359763777,0.940778927402813
0.1099463743401,0,0.445211548961014,0,0.0173376635386071,0.0869960311951908,2.34095964547358,0.0391749826546416,0.584879272705835,10.606320983969,0.505606581305486,4.88385734714169,0.175737014779516,0.691086722264146
0.0718997143631482,0,0.64485299576437,0,0.0194151111437649,0.190969615850587,3.29816294055302,0.0783469685763422,0.1625460774258,6.6464089990416,0.495884396121189,5.53732380936018,0.385193377890907,0.769897282955598
0.00165186435115642,2.01641994671899,0.211147436510865,0,0.0155847723719141,0.257637796321108,0.976256515020364,0.284280672421137,0.234494772013489,4.82116625082973,0.677428001814079,5.17340189703143,0.379574926984131,1.01825065575825
0.00237401062718069,0,0.633838190524358,0,0.0136803311665628,0.135849842157733,2.43795783657305,0.0421830841984629,0.0906173972000252,11.159635600545,0.466749715477906,5.32613268241295,0.414201829643581,0.31698943494903
0.372375049649134,0,0.432738894863291,0,0.0157492963148861,0.155416022678394,2.57527396418772,0.0358590787790161,0.568494566541269,10.644595263522,0.491487454742662,5.49134559662636,0.505727608838102,0.2662838220023
0.00212780498320705,0,0.13216216903111,0,0.0184010027452225,0.268665463131555,3.57968354380566,0.129941243992911,0.0763832909884203,4.42401886762658,0.708392530506586,5.50714981408226,0.21431057220754,0.944675387835878
1.02750494174214,0,0.502563705431227,0,0.0185350220005473,0.171142365686623,2.29064906865939,0.0511221673938309,0.660771740530074,10.2767389068551,0.569470826520279,0.250570755901116,0.404404622948341,0.308317518245572
0.156506606354045,0,0.433726898273095,0,0.0167776628345963,0.150359735678621,2.15610977644552,0.0647019184133714,0.56987039274921,10.5961409343765,0.492463486304153,5.46850481364853,0.33638040478309,0.477288590728144
0.00168937146512478,1.93062473234053,0.201955516422283,0,0.0149206874676215,0.237115063516368,1.87384301291596,0.272079697669336,0.224387888418509,4.83696520680711,0.64755053158187,5.54481398506253,0.290092557319561,0.875156910091924
0.00220010802767174,0,0.214236819901202,0,0.020632505229198,0.244393387918966,1.96472988597932,0.194597691961062,0.203359271336096,3.63412117777799,0.85591390030192,5.45387327731079,0.404214339444525,0.809576814172603
1.98900925821175,0,0.498729123847163,0,0.0183768426405947,0.163069211884268,2.91452627216577,0.0490580252985276,0.6554153334968,10.3918956021045,0.565716428456873,0.221237768658113,0.570025752925911,0.247342918138241
0.00721424541343113,0,0.285528826670069,0,0.0185543882451582,0.246332643824142,0.599056978551224,0.205591909387245,0.190815529716052,4.64516658601849,0.776987043414436,5.40615222264321,0.197521149115567,0.98032214109631
0.00422504944956673,0,0.650626312369263,0,0.0140397729245675,0.126177486079713,2.48582741984027,0.0406825537836811,0.0930086327298124,11.1671303277997,0.479170675249376,4.69245433191519,0.564012069654322,0.167500627969281
0.00518378537864466,0,0.289573358218193,0,0.0182403738072974,0.280773581944832,0.125539275442859,0.235042781561807,0.123942371931221,3.74789607292563,0.768908693417184,5.25618461120837,0.20386695229177,1.14857171033128
0.172848270578082,0,0.454211465026216,0,0.017682884027194,0.149678297217717,2.58827169892487,0.0464336712510771,0.596616297547416,10.6240379333344,0.5159489170639,4.40742192499746,0.395363486509115,0.364168146688177
0.00358165993716077,0,0.291733961389995,0,0.0172706362330571,0.209147686179384,2.00101571617036,0.0929962409287566,0.168222816862676,6.28016672527078,0.729264050689142,5.46956275695822,0.445152859540734,0.761155471058697
0.581958605035173,0,0.432877202011656,0,0.0162704510922297,0.12705545237993,2.49596749579986,0.040204883573151,0.568668799508735,10.6485426533423,0.491657684875052,5.49303930336784,0.474453550814105,0.202838146947865
0.381709316045211,0,0.500644228596835,0,0.0162276623702456,0.182966648999384,2.91150035559024,0.0417455878710648,0.658104375720887,10.3284099727473,0.567565964164584,0.468790386979725,0.588803813695475,0.48495204346746
0.0265139213188424,0,0.306322268643069,0,0.0196718443845252,0.21326631500283,2.80945781959785,0.140059236436092,0.148384089520335,5.03466374112595,0.811035895968402,5.43238261302642,0.426714997319511,0.706920135863513
0.00637338629737332,0,0.284596423923524,0,0.0179339961095964,0.253196172109514,0.277506372699658,0.231063793866386,0.121834583187288,3.75012359632398,0.755522718964508,5.3841193060289,0.30797811690743,1.04793990667181
0.366699391788082,0,0.442619260427593,0,0.0161042939949191,0.161474359078138,2.47808271367617,0.0324634532190837,0.58139459491615,10.6575744086367,0.50281765336958,5.02135229409185,0.570304968050353,0.347414803930223
0.000793547417784168,0,0.0615542136093732,0,0.0164683236784846,0.211125233607676,2.0929118652154,0.200727162068981,0.0321783197981796,6.85901544726143,0.529367584206896,5.39950903355124,0.282963820718722,0.552045937173392
0.00445917055662291,0.434588046329596,0.217089720371021,0,0.0142429840660894,0.208436419235322,1.2650822188047,0.228159901057211,0.141169917462831,5.62707066980207,0.692400605057163,5.49676082722364,0.315898006802547,0.769738802619352
0.00288263804862905,0,1.10864016679021,0,0.0243022326059317,0.250712687966358,3.17605791220768,0.0954039215240255,0.0850490021895109,3.07252327638044,0.849691448425259,5.37588020216755,0.624769717334954,0.984776271108735
0.00106432604359877,2.8864653360923,0.117335976414828,0,0.0165034802752177,0.259362206492089,0.931529669242765,0.210274126264419,0.117493461913698,4.14760066506283,0.748490104825745,5.50710490295435,0.17280040711913,1.26748710807999
0.0783688072750872,0,0.682281749433734,0,0.0205087910972329,0.202833527067463,3.6933780445966,0.0816640684544974,0.171843726433597,6.65772489431783,0.525374894150092,4.8775346942832,0.421325476720016,0.686510262676885
0.0270498620784923,0,0.302450582152485,0,0.0194153668850824,0.217776517492072,3.78594300151619,0.160208927498468,0.146475241323125,5.06327526248753,0.801265068665695,5.50741822358537,0.608885065664852,0.59873728511511
0.4334627660201,0,0.432403879945294,0,0.0156623790394946,0.0981732804077106,2.60343504724649,0.0268115705941701,0.567971672138101,10.694964200562,0.491259807481102,5.51454104046849,0.910280381219019,0.337000700888978
0.00710745772647116,0.79478264911866,0.218506760042698,0,0.0155988587595754,0.229631915161981,3.21304042917487,0.294239555483385,0.257152635647754,5.46472871389859,0.731878569284781,5.27092820804258,0.380547596705431,0.790301063625912
0.00173997772906511,2.98057941450711,0.0585356868197862,0,0.0150805739615048,0.270585235971874,1.53484974266213,0.275466817925249,0.0758296155346189,5.46013546004931,0.499242676476386,4.97028418944171,0.333474877683005,1.20817363239621
0.230462669629845,0,0.432766565507135,0,0.0157511402620258,0.161342354264072,2.56639972495551,0.0320573858805155,0.56854669141739,10.635221541746,0.49148991455081,5.4870517814225,0.509593187681901,0.324911860806215
0.00663818469500544,0,0.232753884339037,0,0.0189405336829296,0.230592775300185,1.24713432631759,0.147330291410516,0.192523450754748,4.53281239408664,0.768928957944162,5.41895795895982,0.397637765275316,0.994594584180302
0.374907969632627,0,0.496944934544305,0,0.0192236915149198,0.169317171118739,2.76592184967486,0.0602514378291945,0.652992716575768,10.4231803902104,0.563843238578057,1.35715928621576,0.417884023277732,0.327787999346377
0.00522831635317658,0,0.531779667366817,0,0.0162159581838645,0.218859116345056,2.37447604351081,0.236641192840909,0.150612088579369,4.73539596008017,0.627433536911225,5.50905450575337,0.608336492414652,0.800633379902567
0.191256059685454,0,0.432764686848548,0,0.0164329942166963,0.128003469925858,2.56734768799684,0.040795979938106,0.568565435191264,10.6227823905449,0.491448983176004,5.48138110118991,0.500226773962642,0.280909788090724
0.0084920356463322,0.806585762382302,0.138727178267492,0,0.0178956974439418,0.280660420500316,1.40927317638996,0.167277796384996,0.20516628027601,3.51199099079931,0.637587046366155,5.46296067001779,0.203161204415662,1.51060640030016
0.0472961774028722,0,0.66821887769251,0,0.0289335079636574,0.219980872155369,3.72163613842221,0.0591502465540185,0.168347851188536,6.6570682590889,0.514314585908499,5.10694317571213,0.25346012463941,0.819768800815882
0.0228382111685171,0,0.303941562392545,0,0.0195284813688509,0.219851673807114,2.47462362465683,0.172376557904525,0.147267353112221,5.0251743458119,0.804350517866309,5.50731129749841,0.310013062504332,0.785754258706491
0.0270197086374778,0,0.688569426347375,0,0.0191475130134017,0.175706518859774,3.25500637655125,0.0612180543710603,0.12426816976179,7.20095966158099,0.682426244723187,5.56701527736561,0.579554815579139,0.462723828711083
0.00493686064122037,0,0.286816400332466,0,0.0180446605526748,0.249181709757189,1.7393103058376,0.232599125295768,0.122681544694541,3.7800045936351,0.762752510484426,5.34993811796173,0.398535748883332,0.908449836034719
0.333938199696014,0,0.432690389581535,0,0.0162652055108085,0.150607366032831,2.59646851382599,0.0371529759037397,0.568455641280048,10.6301613875118,0.491387170717726,5.48480242327099,0.487431593339275,0.175853908135673
0.0308534967777287,0,0.303788783203551,0,0.0195001409641859,0.220250052592561,3.60112261222505,0.146746620976834,0.147119592183229,5.06048594291708,0.804826134686622,5.47911640518209,0.518907907842627,0.755601269910086
0.00516030575114632,0,0.412384854545448,0,0.0185142522571525,0.227072543878781,0.916481370287492,0.150691453184024,0.153605550757132,4.49263100573503,0.742501703619872,5.45918381311919,0.425435858606044,0.907024397008934
0.0165393271085949,0,0.238937906112828,0,0.0188860346455445,0.249942999832551,0.873148450671941,0.127580671115691,0.304040647816741,4.98672063514987,0.687451387508048,5.23933984259366,0.145639468710092,1.25124669317792
0.00283461998034207,1.47118374522291,0.115593512002681,0,0.0143093768387278,0.23892445816733,0.958188273683925,0.213876593020537,0.165854124589584,6.53170897411719,0.523032400852232,5.44622266315172,0.0968993793739347,1.25919114717916
0.153685089210667,0,0.433666850492098,0.0234913436140452,0.0148396394578478,0.166946552491443,2.54227699849027,0.0284387580502465,0.56966295462767,10.6713725115339,0.492630727873636,5.4355931522652,0.071167700125922,1.2243815567335
0.00696171703545597,0,0.289377961132139,0,0.0171219303356647,0.205471525598122,3.21185488744475,0.0901145532190343,0.166815684137079,6.32046189728266,0.723868955463833,5.51446112390977,0.456557568585145,0.672089919036672
0.00731222095297609,0,0.32432229651548,0,0.0190802214396336,0.19981993142912,2.89480471000223,0.0821320793066569,0.198239082076339,6.42084119994224,0.658062830789413,5.53925082168187,0.481906478526437,0.578873656407422
0.00172996431531548,2.8694853649282,0.134697809242348,0,0.0140857173370291,0.223605848053231,1.28668912569638,0.334329619598473,0.0364652169677629,5.20887716111747,0.623394468920706,5.50006909508613,0.244435946995496,0.837443284697376
0.186781662437451,0,0.45807023841464,0,0.0177060718243799,0.161270281129844,2.69270553330886,0.054576016422039,0.601637073688858,10.6362912940098,0.520403810846888,4.19255263548441,0.490417034107824,0.336281687440523
0.300033078686318,0,0.495925148797829,0,0.0199058186845891,0.180411130601115,2.75540744500529,0.0574795650257586,0.651568264734431,10.4562094720761,0.562845188772881,1.48574648771533,0.639730093634519,0.374778341434038
0.0104823618616348,0,0.405432336814655,0,0.0238532407828135,0.299912762145795,4.06374177061406,0.125793519609172,0.233128478726569,6.15290658162851,1.01649472153795,0.960435047527661,0.506291446444946,0.909493854316693
0.00146958675005311,0,0.107420065011881,0,0.0148886002291891,0.201919012127117,1.14304285811762,0.191527370637803,0.131036311499182,6.96172621595611,0.572653460065527,5.08339446111999,0.302698045990122,0.674164746985246
0.00343235011568211,0.457124295206704,0.296635848504453,0,0.0191961840287929,0.219675475250052,1.57411967481131,0.201456858052389,0.185805843019366,5.08809830160568,0.587769633503968,5.41496042660979,0.595213196786246,0.843841741138936
0.00481567378891251,0,0.533701423307121,0,0.0162882095737331,0.253421627254281,1.26681568415812,0.224118149874269,0.151223858994591,4.70498872915974,0.629071170891508,5.47862227618624,0.241626645972696,1.13063050134961
0.135019268575959,0,0.434457599843125,0,0.012540534888294,0.168356710805874,2.00184783694687,0.0808424677268532,0.570852486110846,10.5813466667121,0.493250157664204,5.438920296197,0.168832196797383,0.612871650438916
0.00248460245002405,0,0.15542749756311,0,0.0190322187711548,0.248674906159204,1.34605577928555,0.117912611096951,0.189236283847594,4.80960289224846,0.653081093649806,5.38763472843551,0.205586202710805,1.16290917545084
0.00103543791184293,1.86633565514029,0.132034568460032,0,0.0164510905690483,0.237719412303768,1.06574261741512,0.221613407407443,0.172283081667926,6.09519073312607,0.630322644374952,5.42224550875915,0.161834741285489,1.12363984992696
0.00308344942141886,1.54461416179062,0.25566284738917,0,0.0172934455082151,0.255680668189572,1.36720218005651,0.161700050189857,0.157138348966845,4.16319786186176,0.721363603230569,5.50513141902718,0.288361930596494,1.19981385933676
0.00869833479894183,0,0.290292403146658,0,0.0171718496177684,0.209191464303034,3.36651975355706,0.0847371287530724,0.167321889756913,6.32971688385068,0.726337750983267,5.47544797912379,0.529928929947929,0.677917101076767
0.00134469173970688,0.945883404980103,0.189798548356435,0,0.0161474345715899,0.238235008663592,1.95213899084843,0.206614402760956,0.153908010193545,4.60708771145307,0.762144014084287,5.42216716682773,0.294883485135839,0.923979040975561
0.122437304430028,0,0.434106769361389,0.0235254983671881,0.0181345036271047,0.145964134428943,2.16844685861735,0.0644807619130047,0.57036482580059,10.5977029546169,0.4929019340013,5.44867914348331,0.276271669255787,0.556109263188268
0.0281386433162471,0,0.30548301476263,0,0.0196031843003464,0.241131066685821,3.83504816400216,0.163802490052458,0.147918334854469,5.06499033940036,0.809537298305751,5.41836977989292,0.482966630038521,0.713536427108597
0.00900609220651001,0,0.695541737193562,0,0.0193343070856754,0.194367360507571,3.25244872852725,0.0503314486964791,0.12550339581584,7.21162070169288,0.689569582428262,5.44824736105098,0.771253244972835,0.457792738065613
0.00782268978287945,0.803219228490462,0.220332065360099,0,0.0157626540986026,0.239636550314195,0.356198261781621,0.272849291069883,0.25959419246423,5.37210987937891,0.736129431452529,5.20700066552963,0.135660309478001,0.960982466545893
1.59957277551667,0,0.434774374036086,0,0.0163304871976993,0.13554468746291,2.62597972707964,0.0337861865926748,0.570956727903388,10.7631880645944,0.494180096653019,5.37707522345478,0.553983253596424,0.122841477872866
0.0129835071964935,0,0.2317035991423,0.0362271367606527,0.0184000928949482,0.25699975167648,3.57884037757122,0.104801280054214,0.294628912164263,5.06212628471671,0.667824218825841,5.46884204834885,0.364828037040419,1.03082857653266
0.184744655521948,0,0.434558114086904,0,0.0154448915089177,0.148081683404357,1.69926618214141,0.0702630497687164,0.571011129319133,10.5659042199812,0.493315356970329,5.45408748227127,0.31846465352009,0.52467416961442
0.00435481892517121,0,0.292100286911162,0,0.0172787270514201,0.207048307976377,3.15906878844177,0.0711039065854139,0.1683646274066,6.32132205503903,0.730824365185778,5.41876946600523,0.483161498016754,0.717249188517902
0.00357781864945658,1.2154789533298,0.224266136785865,0,0.0155060196316509,0.254505237448025,0.700150553615611,0.198368867421064,0.254211327260662,5.38735190628221,0.608036238288106,5.42118109199835,0.179884336896378,1.25702899963328
0.0644617862936711,0,0.393514235782798,0,0.0250178315617733,0.283613413153884,4.1705781992286,0.187795464021661,0.189678601146851,5.04936180201144,1.05048767257188,3.22449567523748,1.34899114382127,0.66514066413187
0.133022317696443,0,0.433036614294161,0,0.0173822349268553,0.147781363114594,2.59823949930663,0.0473565436144014,0.568910863984533,10.6288509700729,0.491778414431428,5.46722433873191,0.398275436053356,0.449761555136951
0.0781317380808822,0,0.675253549501861,0,0.0292207346655173,0.177046729184588,3.53598000751506,0.0517530582495306,0.170068710481626,6.67550311512756,0.520032697164946,5.01451276714823,0.98164849052909,0.63331022076942
0.000843676821052035,3.43124542782756,0.078429942742229,0,0.0165494393537258,0.274002532720483,1.50180537714902,0.395089964351265,0.0437700825335189,3.98146388402112,0.837571348942993,4.75941387089664,0.57997103786298,0.93149977898272
0.0037698081983753,0,0.289974307620267,0,0.0171619337077344,0.227525886236087,2.61753280052692,0.0950225033325762,0.167183957497526,6.3024069429275,0.72512107606839,5.51619026279873,0.26107184048588,0.924332670613957
0.0887409163344224,0,0.64213843428653,0,0.0278293039767578,0.159262358346189,3.5080025902554,0.0433489642255054,0.161847830249978,6.66257387242475,0.493902231618087,5.57468955818873,0.965225891996972,0.398635271948701
0.114753243142464,0,0.437510315905168,0,0.0138428328345306,0.141797768181465,1.38827507658295,0.0752588015689223,0.574942248489994,10.528946183277,0.496560835717835,5.31621080324113,0.277689547423816,0.508353049489025
0.122720868309824,0,0.470699441010361,0,0.0181942705131792,0.173053395729136,2.5221458213822,0.0666689565518963,0.618234540313333,10.5951759130905,0.53467847083738,3.50069381357114,0.428510522207507,0.435844673179741
0.00132706095959465,0,0.214817205572012,0,0.0206928003789613,0.248107026265027,1.61392433424186,0.195155174718109,0.203933871375542,3.62788465365602,0.857992681428038,5.43523623714235,0.354108418919336,0.87981512334012
0.00468780011877807,0,0.318754382815769,0,0.0169972863470207,0.190015555044745,2.85664042427959,0.0860171195487461,0.188734621670919,7.07642864126562,0.579770843887463,5.50312980935144,0.32947178851409,0.628557295092093
0.00108886620662132,0,0.157860900606318,0,0.0154737624319768,0.21415472172211,1.86866983495001,0.282880868208712,0.106446668636411,5.7416405499049,0.692567489479506,5.34035828004008,0.380501697444174,0.648116114621596
0.510759502493985,0,0.500480063512395,0,0.016219156059531,0.127148503421802,2.91551329994515,0.042447235993817,0.657821107819029,10.3521623093314,0.567503302123774,0.385845025149599,0.953410208161012,0.504660683027569
0.00561499862866398,0,0.288535197397039,0,0.017069476532646,0.194812693902739,3.37484433736053,0.0731723796825059,0.166316128994294,6.3330480468805,0.721903602401502,5.5410971684877,0.632056870158638,0.677248148067677
0.0047349377627278,0.934953986193282,0.198023377980565,0,0.0169723817724698,0.258194138821174,1.80053936495353,0.301790384547069,0.304250689850908,4.6671107312971,0.78116205113608,5.50299961288276,0.368706812338611,0.997194598219199
0.022160361661906,0,0.230282495750153,0,0.018294823792018,0.243224860259251,3.24208981383149,0.119130583138522,0.292883777689699,5.05356312862709,0.663455706521931,5.53437018402854,0.28377626230476,1.15438231998981
0.230001699892452,0,0.499312190677751,0,0.0158262747974513,0.173984752899837,2.50901750911137,0.0559351167201048,0.656227216448534,10.3747033679159,0.566291861936972,1.12064535709343,0.488202319635011,0.407952115556699
0.00919840021243224,0,0.369922775018673,0,0.0197530580600687,0.210954565791339,3.12306036470197,0.144520819472912,0.147343922332167,4.98865812228528,0.70556176794968,5.51233701757426,0.431957746399345,0.624753984401717
0.00348354214070862,0.82373017959077,0.22852855719704,0,0.0172523661015622,0.238945011132555,1.96704100173601,0.270367711128542,0.159632504856486,3.97249224414672,0.699464654947799,5.47260010237318,0.548002743608175,0.825048074327021
0.491407180001104,0,0.500699166602833,0,0.0184606827339969,0.176864606701931,2.90903429871093,0.0501506597601202,0.658215101777852,10.3149996157953,0.567558031307933,0.364049387854469,0.806137415941883,0.20299396952903
0.33975914542957,0,0.437285702691159,0,0.014562540533223,0.149465987305579,2.30781884958788,0.0465393850941672,0.574464378815572,10.6319848615664,0.496640617863946,5.29463203022542,0.317824831349246,0.528270504334103
0.0108259949061543,0,0.690136173629216,0,0.0191889214299692,0.201621846281007,3.39144684575501,0.0573210274477624,0.124543806866503,7.20561071422418,0.684054339609485,5.53006381791451,0.462111591166797,0.554661441214844
0.00170109687456243,0,0.462204592071796,0,0.0215521922240658,0.234561934628382,3.18313286283858,0.0868321852337739,0.03817594271136,4.47606461076669,0.835523112954453,5.51020378966147,0.353684237770349,0.824393850457595
0.00581174393962324,0,0.325231398011097,0,0.0191345938136935,0.185156715462292,2.67388632942255,0.0791242793646547,0.198800146232,6.41439636387037,0.659856858443075,5.51827959202074,0.509218139964107,0.604623092112345
0.00150763461060961,0.813100080315876,0.139934351983273,0,0.0180408562800442,0.289522812440363,1.64471510316802,0.215718021539053,0.206890239636681,3.5179383099597,0.643494973134943,5.40549399341471,0.193964630370275,1.53782940349912
0.105966590919021,0,0.641850260974912,0.0318837552116152,0.0278148692243784,0.175420053390456,3.58805058687068,0.0425450664198696,0.161769183088478,6.66768489735304,0.493721643672329,5.57841036261592,0.883445802983057,0.452531967344712
0.000334940165756347,3.32431542158734,0.113301208223446,0,0.0148022074316426,0.267403400728673,0.861058889373154,0.272960852945128,0.0375732283411755,4.71513220939438,0.600066595327044,5.52382412951918,0.301138562912345,1.27066129699952
0.0847919902223189,0,0.69781330910781,0,0.0209615412266169,0.225812962320182,3.69285230403738,0.0790739212650945,0.175697469463873,6.66064209786115,0.537633551459086,4.62285452315178,0.405531944150967,0.820320597372611
0.00904495245412351,0,0.281553869056508,0,0.0176921166183259,0.242915976290121,3.71541131331978,0.226872375908578,0.120350309271443,3.82102449619838,0.749984948121581,5.44740665083742,0.770373080495395,0.699749514190096
0.00138367386144298,3.74140937995979,0.109339714766523,0,0.0164207127708006,0.316514318240934,1.47001449250342,0.204058596661285,0.160504683741057,3.71801132098768,0.618125542176676,5.50341271342409,0.156390397312684,2.05303040459787
0.0030498770310772,0,0.533248627445932,0,0.0162706992798153,0.227819983695341,1.72549794603812,0.206698867404415,0.151077340962088,4.7129962350587,0.628706559415223,5.48663022637213,0.400463597160367,0.857419614270115
0.0355410335253721,0,0.301684830118645,0,0.0193632491254299,0.213141543117219,4.02219225239547,0.148730199918096,0.146092178338671,5.07191225000068,0.799398224688305,5.51865069479668,0.740761333681471,0.555253466443628
0.00268873440360096,0,0.103765088982313,0,0.0199373649151627,0.323758276877785,3.71607512646048,0.113101883984577,0.124551863054909,3.15496629827928,0.772299162337722,5.46799029340224,0.320727955310874,1.73734991524191
0.00540662553098509,0,0.419960657042039,0,0.0188327020167479,0.250135718458357,1.35632118429799,0.15333674893643,0.156336314234743,4.51054563420531,0.756975624451732,5.32243341345193,0.373944975460946,1.15003296498897
0.158790283604988,0,0.458455335308823,0,0.0145140246279305,0.154988822658691,2.67117584609139,0.0551448484475999,0.602126763061083,10.6431021563177,0.520869228860002,4.17472837225551,0.612589723846118,0.344354207502753
0.0115607520364805,0,0.234416509548421,0,0.0184957034525361,0.309138310933382,3.20561551440949,0.10720106269967,0.298000497021142,5.06815389994712,0.675964935619958,5.3798562710212,0.157386135004558,1.75089556862923
0.00876434367482655,0,0.324957241133726,0,0.0191199190915582,0.192480645906028,2.56506292659935,0.0952965210644317,0.198640349131475,6.41117555976276,0.659248484288621,5.53181262121942,0.475087120865253,0.63166791130073
0.229796206915183,0,0.435973346901309,0,0.0174975783066102,0.153249253789414,2.54344581030713,0.0491068238393307,0.572727635046918,10.6434510162657,0.495178310611294,5.33711378846092,0.471806311310646,0.42088675248639
0.0589094741313663,0,0.646543682816383,0.0321004009488161,0.0194521435435308,0.255114238935415,3.55807569886181,0.0661522236403401,0.16291157570354,6.68703583671095,0.497576861297931,5.4881496546172,0.0637129320161545,1.70193765052413
0.00577841259423026,0,0.29079769257545,0,0.0183125290363859,0.256904141022991,0.287079651273529,0.235992050745993,0.124449394074837,3.75091312228301,0.772355475684586,5.23151239547062,0.245771737219897,1.09739750549401
0.000231944068403707,0.660051392760199,0.0873363941382952,0,0.0197631025940425,0.245988493443892,2.64473824794182,0.15158951769231,0.0372690951334139,4.85107354011607,0.593664543729192,5.51136231452941,0.189273091880136,0.936560007885291
0.32204153274493,0,0.502284641961837,0,0.0195859795350796,0.18819139239438,2.22820910251249,0.0491991216775843,0.660356056106272,10.2936014501907,0.569244448035084,0.646010156713587,0.633011138866416,0.237517633764046
0.00286655500878044,0,0.433591563568474,0,0.0143989115213608,0.205587473430226,1.66757443412714,0.135838545688648,0.166850899034696,6.49387538723008,0.646731345811926,5.36940593044657,0.348689330771148,0.723061111159566
0.174404740366766,0,0.498908630284667,0,0.0158147600439347,0.175958230927945,2.17679850561561,0.0599148167768905,0.655724081568459,10.3656581448559,0.565786559314088,1.31440513802537,0.332666297839547,0.452554015919954
0.000605991536849555,3.63006039169036,0.0505477275438348,0.0403340043521151,0.0162067999889434,0.327015426096108,1.11130813422848,0.240296607805863,0.0410923378209502,3.26475515120112,0.5852437527482,5.5083562717777,0.132804506154027,2.16560822129113
0.00561340959992031,0,0.33690303744428,0,0.0179358187927633,0.197616078268669,3.2238896310483,0.0814156493546146,0.199319970079486,7.10200137534253,0.613634511096517,4.81738114793091,0.532980771082995,0.634268706439119
0.0211067748557729,0,0.234525213417167,0,0.0186191306145891,0.311969320074368,2.99495258384174,0.142256063868823,0.298178615298359,5.05848458567848,0.67607825790758,5.3831204061428,0.0939379701385106,1.62988665264521
0.00139788406345346,3.09072356856733,0.19771198450791,0,0.0159091547872253,0.261799793608996,1.00547859160127,0.19999097129198,0.157288446186812,4.03737211028063,0.788861039016032,5.5300317567417,0.188801589753171,1.1534419332878
0.00556713765621616,0.93126951390369,0.197342673854816,0,0.0169059195324818,0.218413584508283,2.75230127475328,0.272188211972051,0.303126688040791,4.68604606192136,0.778938142911261,5.51572952484629,0.508666861119575,0.743896896986974
0.00225043290447539,0,0.181733528159163,0,0.01763621331763,0.265442602545746,2.40113191984342,0.175942124971112,0.11962996068057,4.02470624545623,0.768911567961026,5.41265306726442,0.265735543045754,1.11191470643141
0.0113376890627525,0,0.283787091618983,0,0.018435396906784,0.240268247286791,1.17624289741953,0.204290524174055,0.189618622579701,4.66000287799759,0.772578626237068,5.46589664800917,0.23768374931126,0.911471593682444
0.301603652509641,0,0.46205112277674,0,0.0153796576898739,0.143176627196204,2.41773019869669,0.0491590057084768,0.606859526811042,10.6273438107953,0.524920840492691,4.01328325847984,0.361210921660385,0.542715889829685
0.00153212198160715,2.8474198969819,0.0701132280243946,0,0.0147259164861539,0.205677164698711,0.873476959647796,0.380844585859478,0.144714417297196,5.52051355043477,0.829342524660602,5.35784021576842,0.297084025727973,0.690161306446491
0.00590797042103218,0,0.328246063823471,0,0.019324990821876,0.190313849036809,1.04837503150825,0.0931701081069323,0.200715792912738,6.36489372292928,0.665411491426898,5.44607926408936,0.598938292799718,0.804636076110842
0.00195734478363251,2.46185360644596,0.0811605274069194,0,0.0140918856932084,0.25250679033346,0.391699738152329,0.278171022400015,0.178640952176255,5.88773640693976,0.550109336764484,5.18065183246598,0.172625446845248,1.08403838367248
0.00988911626204714,0,0.278064195343314,0,0.0174690237128967,0.214778743600287,4.11817283036878,0.231133466793135,0.118842894816123,3.83638542637584,0.740992727247757,5.52521124198985,1.2469406213997,0.599812130467973
0.205180053251903,0,0.434193782195618,0,0.0163218021346797,0.154180980229211,2.57283506596834,0.0408728681528852,0.570433232169844,10.6239776629722,0.493084374155901,5.41290976894145,0.412096498531408,0.321059089842577
0.00388531425862731,1.09743537508311,0.186127828360122,0,0.0156852333048514,0.227621673436254,2.66052583369661,0.234346086279304,0.223185490934124,4.95101716436007,0.643891800458554,5.51228106658893,0.470704402970887,0.784331024854854
0.00680358416989428,0.781653543527353,0.214746939430673,0,0.0153405573408947,0.20321926670749,2.79859092190695,0.285695054820267,0.252810634951608,5.45950637650036,0.718870742426013,5.45098937301142,0.680119512352591,0.700437800285926
0.00221735372302826,1.32557056817095,0.0905779228172791,0,0.0189968966720848,0.297190846059282,1.81583778217447,0.163484040113428,0.286279195097386,3.63810786800289,0.7864505435554,5.45508628835819,0.28959986249231,1.55246983895736
0.00219787037849049,1.32254654130126,0.0904002509443321,0,0.0189538576426453,0.271160474212002,2.57085632262601,0.136683068747766,0.28567079734883,3.64614878694963,0.785205677541774,5.4610158338101,0.372471423170597,1.21952554210348
0.0121498530470227,0.785923300323575,0.215684018535369,0,0.0154235019082263,0.222514347164576,1.38232950553358,0.290787239054496,0.254054035907534,5.41176043356486,0.721116517136631,5.42460726636075,0.338878168890467,0.92260724596965
0.00311650352451949,1.13314261660117,0.19206031768608,0,0.016195190010721,0.249821467422934,0.767217526853847,0.236347900678989,0.230383294304665,4.89756985549635,0.663707916800298,5.24753765737684,0.249079060357634,0.952954466915803
0.00411877264657179,0,0.533281325641156,0.0371775550315711,0.0204856030298379,0.225958956405945,3.8953460719325,0.108629073643677,0.189082340459493,4.55640433297062,0.647211895963826,5.54339657012302,0.691828216954915,0.85365227384219
0.0344375858548761,0,0.79526160856977,0,0.0220339104530178,0.206984193389256,3.87498283840314,0.0835694575354257,0.143268399075537,7.20444805878917,0.790447281946797,3.67073491154556,0.63215724768394,0.585014126363582
0.102985725322528,0,0.502397018826975,0,0.0178789375805407,0.164206865620397,2.45893252268962,0.0787898559959714,0.660648421338685,10.2446773243249,0.569109133536424,0.292243687227424,0.477468804244023,0.537051819031598
0.137046113499157,0,0.434214297027196,0,0.0167957791489592,0.155196659752787,2.33851590548004,0.0663644760340216,0.570498033904083,10.6020299679188,0.49303837757191,5.42837384609286,0.247696445121251,0.4950043191222
0.313660931515116,0,0.433058556652398,0,0.0162797405259724,0.139901463332013,2.45971266249779,0.0420994136003241,0.568952237802676,10.6214435737306,0.491780301335601,5.48054854771059,0.39253026111821,0.310430728518687
0.00210664085873021,0.824654396020063,0.228525332417612,0,0.0172707152192936,0.261010751513505,0.899755769523684,0.270572203737697,0.159721032733245,3.9465670958803,0.698588583024688,5.46083450592129,0.215075084291396,1.04536873652004
0.235314817677207,0,0.435582146515377,0,0.0174820668784151,0.155000529371511,2.6144515434625,0.0470032804191442,0.572216700582639,10.6429942543684,0.494730007561394,5.34784229582974,0.455202505413795,0.37870050242143
0.587172284178107,0,0.432541270534787,0,0.0162560770205499,0.142093623730355,2.60073879631286,0.0374812411657236,0.568195412495121,10.6686582642565,0.491336108449071,5.50245951902721,0.641959948734794,0.13676946255448
0.000788338836805083,0.706466931011057,0.0576301821890504,0,0.0168308494848019,0.293246754762681,2.63860595093192,0.376774711892694,0.123310910020703,3.53785918508838,0.799071272598236,5.44594888470739,0.338119927473888,1.42642165425639
0.272831842461107,0,0.454178207470362,0,0.0176787982248982,0.159750024190622,2.71956424664589,0.0460362508928609,0.596523448774124,10.6491632909578,0.516001367417723,4.39962036606048,0.378223986124215,0.428344888938356
0.0667431914178306,0,0.436503655448009,0,0.0126056206789867,0.138057242717041,1.04751926610634,0.0976340280173168,0.573685219939751,10.4951709878582,0.495302013042787,5.36600330446799,0.252117004503942,0.536570904175544
0.00644416585747879,0,1.13999356120791,0,0.0249260096041456,0.256941042078363,4.58900971096213,0.0843376217937443,0.0873403385722535,3.09620468759145,0.875960978590203,5.14618399917217,1.13656578851789,0.798815153534205
0.00337902802470582,0,0.438809141837989,0,0.0145562590016226,0.212683125162219,2.76282019128829,0.136081168074897,0.168763680220477,6.5395541078104,0.655256994639919,5.21402473226352,0.411387343939392,0.704610774207922
0.00263486929554509,0,0.538487984110512,0,0.0206845396409374,0.25465622893151,3.55755436692965,0.129875468046957,0.190925535919367,4.54819938308949,0.653497543945761,5.47626997069976,0.377748932619403,1.15055831591145
0.00451837604939636,0,0.111425759405417,0,0.0166565750229138,0.307762186908509,3.14466734856755,0.132032173241201,0.0759815891863773,4.53020148485165,0.712747257367898,5.51591559493193,0.163196016960344,1.54139474045422
0.000837879493919547,2.29672190590255,0.11577146796651,0,0.0153780149184419,0.265777437264394,0.417019889200693,0.240738093604471,0.0389293421291145,4.33535907274618,0.633057257028091,5.44865171081195,0.199826264151206,1.26940923059262
0.0347457443035538,0,0.364783614628228,0,0.0233133451028745,0.241548567771937,1.71328473305808,0.166248461718301,0.176296759030567,5.00307667100061,0.969023549751648,3.98011920845512,0.527030127101228,0.937915125759236
0.00458751982082589,0.799886216745936,0.287787453895792,0,0.0185932956593834,0.267272772712475,2.57553499158749,0.158518654707917,0.122127356677703,3.64816494030873,0.790784875304732,5.4653561663461,0.321441550080002,1.04363523375338
0.0429455110565042,0,0.319252770510516,0,0.0204526355964934,0.221525487091234,3.99168260115513,0.162479740823886,0.154458106156929,5.07366359113604,0.847236373615583,5.03250399629683,0.891440245876173,0.515581189363367
0.00335836428118713,0,0.152694316918823,0,0.0186792054996636,0.239353314243555,3.40999925468606,0.0977954971081618,0.185808458615009,4.85938887822932,0.642443515693285,5.50026013522586,0.342632412355941,0.918627791870465
0.0190462584640354,0,0.233790652885304,0.0365558215930691,0.018567017658353,0.247385419600915,3.10995677555838,0.153284867912856,0.297295962674383,5.049880896303,0.673724922588906,5.41117425796721,0.361660752760537,0.977560518989489
0.00258188694266289,0,0.430057836377233,0,0.0143004865117682,0.208434992612409,0.214647005043607,0.140165729034423,0.16560485901393,6.42954245274458,0.640547385708512,5.43479776431436,0.228259096121187,0.829472385182861
0.0228262183556947,0,0.304902943991892,0,0.0195919185287783,0.216291662587353,2.26542026895539,0.165258774671884,0.147740344430273,5.01890199007668,0.806788939227638,5.48331780229718,0.318893436261745,0.768789153965879
0.224047816898624,0,0.502892706708347,0,0.019490268203253,0.163956208196565,2.32429540547097,0.076357434978469,0.661458951470813,10.1916339601545,0.569381163690965,0.0462587784556141,0.472043187736817,0.381722533677772
0.0210469649164729,0.764551290925485,0.156943699416203,0,0.0247811115197757,0.281595020843969,3.9205597175569,0.0746515885966436,0.194565578357005,4.36805387842639,0.528877376115072,5.42412115873756,0.32206852982861,1.4943551078366
0.00232472591358627,1.92411332454069,0.055666204955111,0,0.01320045562069,0.192026199367045,0.660491269279627,0.346676637230883,0.13010201573123,6.73400387022945,0.616913132204372,5.46767287729987,0.257784396962878,0.630289675613113
0.00149288567055018,0,0.13347098916934,0,0.0185840041860034,0.248022385213991,3.08344762087292,0.118592114564351,0.0771423944685227,4.41393930617826,0.715291781085639,5.44892829598746,0.322675021863973,0.889153115521822
0.00304682451045606,0,1.12977115083276,0,0.0247338041834631,0.261199494111143,3.91569048472571,0.0945414104431672,0.0866140249489732,3.08164838351957,0.866937404666827,5.22855387387504,0.632399605307379,0.927375721176778
0.0510207911982187,0,0.687071120379287,0,0.0297255899876131,0.187704855530195,3.82321433635114,0.0547854382582212,0.17302812303055,6.66129495461912,0.529181828045414,4.78725807363004,0.468390493841667,0.709620551568472
0.125949171902953,0,0.438956938533872,0,0.0166664391527185,0.14575253345138,2.16978226622426,0.0519049933879431,0.576674402652862,10.6186055251937,0.498505782121525,5.21943426553262,0.456530563518022,0.574844139067113
0.00867492856732927,0,0.412249213597392,0,0.0184861929893902,0.243646148099778,2.17957743264104,0.166136178909598,0.153458854257532,4.52805411231398,0.743270583760596,5.46754845890562,0.429315309397733,0.980625294739061
0.00599950404453466,0.802225363985119,0.220435152848763,0,0.0157445376852817,0.239410781565037,1.99412592891874,0.28850537080794,0.259494475753572,5.43369381305698,0.737835650310143,5.2245412091715,0.360035322019629,0.952011930790295
0.290075710534194,0,0.500899664482687,0,0.0201257353911716,0.177617947684713,2.76036110584221,0.0543572551910407,0.65845370735722,10.3233672781655,0.567829655344536,0.575664495940385,0.66572116343782,0.332850238589389
0.011189527788088,0,0.239617112385626,0,0.0189301568860809,0.293978644284693,0.697951290794797,0.127897564705038,0.304824874446215,5.0008360621543,0.689781529669722,5.212489943199,0.152284047260978,1.86156310491155
0.0166782735714634,0,0.687955690952818,0,0.0191280049603589,0.191547449514205,3.36668090905743,0.0515451129413293,0.124148995400289,7.21180126068552,0.681920990882802,5.57435004611777,0.582842782677799,0.575574462737805
0.00706701194847234,0,1.11027884058052,0,0.0243192240504671,0.255967085991713,4.05893654109932,0.0842918716130651,0.0851398264285301,3.08458387125627,0.85170042294517,5.33625204856716,0.644956095974346,0.960401436271037
0.328328911424398,0,0.473459244050131,0,0.0189897790865687,0.152053504960234,2.7256162470063,0.0489313155052062,0.621789858965071,10.6186294031644,0.537928594517084,3.30437108648154,0.624510694161842,0.288778755194864
0.36111136058141,0,0.492765116905709,0,0.0168610772477701,0.104452109084588,2.90409714844938,0.0405980530318829,0.647323481085524,10.4978724086401,0.559443851053777,1.78418205197424,0.364149565955943,0.642226353678864
0.00898353193735994,0,0.283310853976302,0,0.0183919655438108,0.231100761943011,1.78720488116112,0.203848441385805,0.18923229616468,4.6828296694787,0.771895829412671,5.48879271211042,0.493546418684385,0.879173761275047
0.0121696138967929,0.812842465423893,0.292467171460933,0,0.0188946237531102,0.243285756034536,1.86572635803356,0.182126892644614,0.124112673430215,3.63761330295507,0.803521097014354,5.36321254673775,0.549371394427414,0.916956035950784
0.000850599301789906,1.83823300218432,0.130070421401238,0,0.01620347429049,0.228099787205281,2.12021909600908,0.193528316525108,0.169701679442516,6.12505704571498,0.621157767066265,5.57253959035431,0.248318318307546,0.848314813331823
0.000486339045938584,1.30724149562826,0.0586010941973691,0,0.0165388599595944,0.276135732302243,2.04472772376918,0.26579187940676,0.0379831614839757,4.67013168788348,0.613908675918368,5.49447493200836,0.212813267152139,1.3028506205042
0.00133883290769491,1.35079083701399,0.241455179028913,0,0.016931611223857,0.237688698122449,0.987847996817452,0.259170451232236,0.0392535433288232,4.96959125935158,0.691613237911686,5.01344720359196,0.313678494524692,0.798549194460892
0.0140277433414943,0,0.407914384755354,0.0372970726619107,0.0182721868922952,0.205857361067514,3.68884120370004,0.138239175868545,0.151757214156228,4.57126902670732,0.73645350060289,5.51811164393576,0.928819972994527,0.768829237513317
0.0169857050970659,0,1.16780353768607,0,0.025507687196119,0.252193634679274,4.62170577582273,0.0780219452264863,0.0894255548030011,3.09621703207965,0.898083184805114,4.99100168652766,1.2492840875622,0.743363763252092
0.0182960578706241,0,0.696666484380924,0,0.0193644628515714,0.200920876762446,3.40775514240635,0.0727875085518423,0.125702737497411,7.21315773747233,0.690720898126039,5.41635637508735,0.355558579728565,0.753352489740769
0.00129382700669172,2.88629434543079,0.117308198459497,0,0.0165023511475272,0.276186328755423,0.674031213787779,0.210249610911264,0.11747605659499,4.14331417596702,0.748169484103884,5.50219357896765,0.0791786581394222,1.43552501704174
0.00240187365745442,0,0.229887042771093,0,0.0186952096276943,0.22643226296348,2.80981632279585,0.127035844267854,0.190084642798761,4.5630947585219,0.760126433590691,5.49920615632368,0.375349826918262,0.752521519683379
0.00200724221549195,0,0.535962851039877,0,0.0163439210431248,0.249500965556291,2.09802179030071,0.22493796997819,0.151800309065014,4.72703427068164,0.632295596192127,5.44369370660351,0.286041954607609,1.07706107921078
0.898343654691609,0,0.432269626397333,0,0.0162423850548639,0.129327786476879,2.60435235684963,0.0351135998723268,0.567774888108945,10.7077284476789,0.491145242397747,5.52045245452026,0.73313737798709,0.122075657429506
0.163664893897316,0,0.433606355162689,0,0.0164650830589569,0.13593858044134,2.52204915994246,0.04556843281989,0.569674085319939,10.6184852211001,0.492396411675142,5.44469146650272,0.411295176414441,0.369555758741017
0.100633869448543,0,0.43554675903955,0,0.0181946699361395,0.146090047098367,2.11984167604096,0.0596193665159429,0.572257929193247,10.5927833530672,0.494529501172064,5.38079719697582,0.305920492093489,0.555484262893325
0.00409951187386232,0,0.319840778242355,0,0.0170557932537173,0.19557458116462,2.5129588198726,0.0857690760762956,0.189381789451837,7.06917306915445,0.581709384243619,5.48080377929169,0.386438948825514,0.696338219937044
0.291709758949321,0,0.450529995828588,0,0.016095029851158,0.138615350081222,2.70216518319568,0.0315716129792994,0.59171554232651,10.6692908701476,0.511901172092819,4.59338669771396,0.303000330982911,0.709951679672987
0.00867341744161957,0,0.281415365988016,0,0.0176983191923952,0.225637730104538,2.67360240265164,0.242781857947561,0.120344575972646,3.80189780888647,0.748891862991035,5.48189447898319,0.663388495808159,0.816383835725764
0.00040214645121705,2.01637546227758,0.085081593429075,0,0.0142867850497613,0.241428615366762,1.29831364653531,0.270807051250925,0.0372679562536948,4.92910187855504,0.594006458271704,5.49283164043228,0.312868708229812,0.859099828888532
0.0130585625205618,0.778070671509574,0.213367053003878,0,0.0152687555078074,0.297723183809219,0.328196194951476,0.318219564458305,0.251416669885446,5.3946931647163,0.712865056913507,5.50480456621298,0.129539130092555,1.60614333317332
0.00599724139193249,0,0.420412249268397,0,0.0156156897964302,0.229469813387326,0.719032707120575,0.201675464975241,0.153402972923284,4.95007922434551,0.765540831707916,5.18774130089057,0.386199039524657,0.86988957041235
0.392656461753064,0,0.50156541551888,0,0.0201602787696774,0.177935815444944,2.7109048104128,0.0548470755936797,0.659462294569156,10.2768171360003,0.568338939403214,0.366036179559389,0.501721470019942,0.271006374489665
0.0702253694163491,0,0.788575185672955,0,0.0236236556948704,0.234040491279498,3.40753421116548,0.0956382284054757,0.198294869649786,6.61150433090575,0.6086423476254,3.15883259434349,0.491683520220435,0.991380407400632
0.00945377671703051,0,0.368505549285274,0,0.01967092890199,0.221830579024455,3.63502910971725,0.103398165420682,0.146753391795304,5.0046979089071,0.703151765638297,5.52618684978328,0.438566757753976,0.745691881408808
0.0038155971695442,0,0.317805031439347,0,0.0169421237253341,0.186031546358379,3.21349477992211,0.073447925361676,0.188145571816806,7.09966599922311,0.578232304288337,5.52529446501161,0.517003887798613,0.613882691949107
0.0122880405577271,0,0.237103923740752,0,0.0188135319744018,0.31193152277452,2.91119308842087,0.136780161557494,0.301373995427617,5.06584248513606,0.683861057516288,5.29113268868693,0.151891978265647,1.90980347940473
0.196222468432891,0,0.467144001635534,0,0.0180582001489084,0.161498302050363,2.32923690366337,0.0708966425507388,0.613586148083241,10.5951157654353,0.530615876517239,3.73499102865912,0.42034808704228,0.392969924344779
0.00338751403745774,0,0.410892171392101,0,0.0152802430576807,0.228286461086851,0.312518664972116,0.197271376024829,0.150018850383776,4.93129559079206,0.747384406658711,5.36548565810947,0.210838616529725,0.892091795207881
0.0249150225175829,0,0.311347841944653,0,0.0199689573015792,0.219913732456548,3.73168374897671,0.175402630341635,0.150719502372855,5.06268517522977,0.825409793372562,5.25943971398658,0.569586241025193,0.656402342318169
1.01634421768625,0,0.451833012857463,0,0.0169702024974451,0.137094647619592,2.31838692049515,0.0395939621622123,0.593351619841168,10.7045294110374,0.513514540110913,4.56949791417357,0.685948014731269,0.216989068638454
0.0235932283379516,0,0.310396673628114,0,0.0199156323763403,0.229949453636425,3.47304312784245,0.166691755625329,0.150289072772275,5.05243362980913,0.822550938840102,5.29457408631876,0.393359323967216,0.717105007923905
0.00652264080811935,0.948791735607345,0.201386649218426,0,0.0172255649845242,0.23148897805253,3.98893856246909,0.261837790391848,0.309092499163919,4.71399184132442,0.796143613801645,5.30200808271282,0.570184750567836,0.650788921832107
0.0365468182739867,0,0.688051550311108,0,0.0191320918047957,0.197030281605778,3.35786480452719,0.0701632847437229,0.124171152537067,7.20608519029845,0.681957971159246,5.57054900807927,0.387136363777709,0.633798996548201
0.0726455328475778,0,0.38126258732702,0,0.0242628276144303,0.281620046481588,4.81423617529233,0.17156425050226,0.183858547708943,5.06145014924314,1.017157533137,3.45084414864638,0.959226920864863,0.658625290770023
0.00121760129326689,0,0.214460698604452,0,0.020640982912811,0.240910231237791,2.59491070546892,0.227196227813962,0.203503996794793,3.64684903355312,0.85742172690926,5.44109786199493,0.438760381277455,0.789805317543875
0.0841967025114386,0,0.435105436360412,0,0.0136920062476953,0.153705826653646,1.95284056047594,0.0687576227120499,0.571695584669362,10.5841001071297,0.493998079350161,5.41341087796337,0.346370612427618,0.569610356273618
0.00341814299352094,0,0.104625761251734,0,0.0200988070601751,0.235579049458965,4.03204069271071,0.124296235733409,0.125573543136038,3.15322151852651,0.778792665277212,5.40158554155258,0.59802886308165,1.16211586591497
0.0384987533132895,0,0.688314759629949,0.0341462665454495,0.0297911680236025,0.174431364485197,3.35653180029254,0.055541760353884,0.173377715464965,6.63690970129054,0.529891353309634,4.79561878982674,0.428214520461726,0.554612543530768
0.00184370731648828,1.28362714782384,0.229085672456514,0,0.0160881834085903,0.213470906220919,1.14914763904251,0.24614182138002,0.0372694145902343,4.97287140173053,0.655457862982457,5.46272884699213,0.472332953466441,0.666951744500144
0.0571316506362426,0,0.442823347405379,0,0.0140112706092713,0.142695503173733,1.10450809860753,0.0899893632239013,0.581934993972496,10.509729685962,0.50255086524996,5.06505031489715,0.327451844232982,0.514470618751031
0.150620270346231,0,0.497621528425463,0,0.0192534685889767,0.17578751280993,2.55799848939385,0.0628831414114785,0.653946179479045,10.3986305988548,0.56449022294371,1.34835884142165,0.447398969740547,0.40106726066842
0.0200061350618445,0,0.238147682335911,0,0.0187947648123692,0.227268745611496,2.81022009365683,0.13817399728667,0.302789273745411,5.04193782660445,0.686407322655579,5.26114483704132,0.449903530641583,0.964233861196576
0.0395595796133968,0,0.349015298033522,0,0.0222927302153057,0.256065401540019,4.07810849970707,0.186496154388879,0.168612473337798,5.06464603495369,0.928367899353787,4.26662326456462,0.745516468378282,0.658649384757186
0.341246285105118,0,0.439320125369913,0,0.0166750496780746,0.117629420280689,2.63920373724302,0.0380815012287984,0.577058286840703,10.6700243816587,0.499087586471662,5.16583227764656,0.745810968067355,0.253049879269145
0.0761256428824292,0,0.646616830143335,0,0.0280169866098584,0.161111983860561,3.45732067602595,0.0473703437361166,0.162958047540369,6.66633597777053,0.497447497710586,5.50318844054997,0.979962224959163,0.496788629755852
0.0127206376492323,0,0.283402966795758,0,0.0184029988345877,0.24381942740988,1.63638683958462,0.177789653862847,0.189321297115259,4.67385308244026,0.771901326319185,5.47983671961154,0.236224509302931,0.989985732224656
0.00385684244857319,0.932792383919131,0.197514961751961,0,0.0169329063772701,0.225750968939325,1.95075447921469,0.261498765902503,0.303507339857037,4.66194669947906,0.77896219642439,5.5165296681576,0.356903924492801,0.779552098330861
0.00218031417077042,1.5438634191323,0.255549320126166,0.0385965854783076,0.0172850751814624,0.266444704893668,1.40138715397922,0.159175945699609,0.157065161549432,4.16464057722507,0.721080438180274,5.50679495654509,0.14151248199332,1.33536980984023
0.00159707706714896,1.06302125740343,0.5898159070163,0,0.0176488130584559,0.249830512657549,2.26073012758121,0.14076172075566,0.154494412195251,4.44368722394187,0.733670473311786,5.50002557651521,0.321791941321817,0.928734705543941
0.00118480268343579,2.83503994668849,0.071884797734336,0,0.0142856876199477,0.21595092801057,1.48394982329968,0.217722513052347,0.0698267092627594,5.76325534942603,0.534270485089868,5.525949612045,0.26447883037818,0.881029473777965
0.00158836343580011,0,0.214575310001194,0,0.0206716384782353,0.246937440531521,1.49044834367309,0.242473655141257,0.203715023830712,3.62645091144199,0.856937345984388,5.44396337446037,0.332920978303165,0.900039299055543
0.00418008595226082,1.1059700049011,0.187573292423832,0,0.0158072402696976,0.259576754930323,2.2300180345162,0.236169940118773,0.224922326242596,4.94210727392207,0.648827756462531,5.45587365010483,0.43533484342463,0.86501886850706
1.23061457392845,0,0.496497207678465,0,0.0186537682635042,0.123104854918978,2.92791429219811,0.044895271972339,0.652151352009246,10.5179816711393,0.563799667494016,1.19997546098595,1.01791550112141,0.196138511822832
0.00145691057456874,0.81360047188308,0.140253671057461,0,0.0180535098467062,0.325463972426205,2.89507063724986,0.193318792448953,0.20719005413943,3.54812694314071,0.646124111967396,5.37603898111599,0.15930544256272,1.98121780664308
0.218887644720313,0,0.432797604703687,0,0.0167388544717503,0.146892539212663,2.56313879458945,0.0533932487426474,0.568598125774505,10.6288657904597,0.491505553680182,5.48413041905452,0.435005610143026,0.344462877701132
0.102010560218804,0,0.445716370353423,0.0241467591979536,0.0186137772158123,0.141927590939155,2.37324324012992,0.0463051464643537,0.585532605481565,10.610092502862,0.506195936627792,4.86221526509966,0.361758887254197,0.422686355859467
0.335471984058708,0,0.504229274702612,0,0.0160053573326879,0.161646430942284,1.73273284733644,0.0550266690888819,0.663195477453129,10.1976116973054,0.570926583888524,0.325927029823316,0.438378297029007,0.289198812163719
0.363112432754372,0,0.44606315381225,0,0.0148491856566101,0.129807180763822,2.60413623510663,0.0510975494243761,0.585884735130118,10.6646287615986,0.506777847923922,4.83475190262406,0.616055089645112,0.302294299838211
0.00895484558958222,0.806431822350099,0.290325251492872,0.040321591117505,0.0187461062150058,0.317109474586601,2.29652898017038,0.178171211689676,0.123167157926681,3.65434324024973,0.798214975912731,5.41415043964303,0.276064364004548,1.51991656459036
0.743694285776237,0,0.479260546257851,0,0.0155034146809412,0.13552403146407,2.85741981446898,0.0415218646587517,0.629319197883052,10.6410847164856,0.544657750501372,2.90203367032092,0.533605920997781,0.44131823225233
0.00255577626205387,0.833192033900259,0.14369987746469,0.041659601695013,0.0184888469573706,0.325952783224826,2.27062192543913,0.219825901051603,0.212238671994139,3.5390016131471,0.662119465518383,5.22017136209225,0.130670219262194,2.05708364850061
0.00979990269936355,0,0.371086475058632,0,0.0198090340840343,0.232400095434145,3.34423601120068,0.119878897279048,0.147783751159121,4.99655634315582,0.708010003334133,5.47710660685626,0.297687958777782,0.835961267327475
0.00217839148664756,1.40179896701167,0.0451242987073376,0,0.0150599863890815,0.231903184301105,1.732855916657,0.311319186310952,0.0355993113756715,5.5084682814641,0.729475481188079,5.53335386770726,0.216980942779783,0.852765841248195
0.00524010137678295,0,0.421482437289877,0.0385330566631762,0.0188780030146007,0.238682467376474,2.51390854012001,0.165209349231379,0.156803041125968,4.5422395733982,0.760747547946509,5.29130180162761,0.586702990369094,1.00392593342867
0.00498119855611665,0.780476425184334,0.213938707688847,0,0.0153156500163022,0.234508591382096,0.507091943943925,0.265052761064996,0.252142900509937,5.3760889473328,0.714437258584846,5.47973028598163,0.216458714448879,0.917555533917075
0.00166597548546553,0.932613340690223,0.187203549059363,0,0.0159211310775573,0.252161506066127,2.92635915744943,0.203735949981449,0.151773246340759,4.6315350823162,0.752143735269359,5.51777926211059,0.279645573937451,0.951835711678663
0.00435527461010606,0,0.112784731091964,0,0.0168633143215358,0.237955129652851,2.89670276346848,0.133664524038135,0.0769181062932287,4.51247691638727,0.72116277887008,5.42593077359373,0.444917317454124,0.862306677236409
0.180458322373297,0,0.433851488281999,0,0.0163099973907449,0.136826076575563,2.57220466560828,0.038658036944981,0.570002678616722,10.6139333625167,0.492661914678655,5.42409442912784,0.479111257915413,0.208138784238797
0.134712849319915,0,0.435208366374927,0,0.0125624403048541,0.161220891158848,1.94981328713663,0.0791098507469576,0.57184500786419,10.5757366048086,0.494088645569254,5.40542819698655,0.186735135431348,0.581985152052965
0.240607291554625,0,0.503626132510647,0,0.0159903411304215,0.153944699581661,2.04276576823076,0.0567843413327577,0.662490712855653,10.1692108824765,0.570086791615612,0.0481450906144421,0.478851816823831,0.331217474155073
0.000515735401328138,3.53722122649097,0.0496229582194568,0,0.0158702992155067,0.291389425456441,0.959728701972737,0.345917954691679,0.20011999218047,3.73198849538628,0.749611297196087,5.52399328757859,0.196800359570711,1.4919847244493
0.00142778470396277,1.93477051821143,0.202300122470426,0,0.014952396203523,0.233571568904245,1.28277475552512,0.27262587884192,0.224820817055559,4.82087674706285,0.648331259897613,5.52900359846201,0.272974879049976,0.911454010530476
0.00651420220575442,0.802979237885219,0.288398465246574,0,0.0186635403339598,0.255798681773554,0.706001574694192,0.179809154845441,0.122493718764301,3.61183305269987,0.790936281820216,5.44572918787912,0.274522027832896,1.07751618149442
0.00132877652248763,2.81881769137885,0.055248058748579,0,0.0142604337220658,0.261565611498923,1.52037771702342,0.260331242423186,0.0716370231448457,5.45886629191172,0.47047152490929,5.50874909396434,0.241919759273445,1.29972428741552
0.00102834583698156,1.41774969210862,0.0456470535730325,0,0.0152315547806772,0.250803805733286,1.35932287897165,0.314886321196319,0.0360085757484131,5.50296603338387,0.738001264153348,5.42881774063244,0.216197078295706,1.00213426559819
0.0171683184744704,0,0.245285684000921,0.0382959511165545,0.0194526043615672,0.263137454590426,2.82249349033319,0.141452462166951,0.311701378785237,5.04611373473154,0.707605355300871,5.00889294800275,0.320255209990135,1.18647724089257
0.00199139264354581,0,0.153136890965641,0,0.0187384043868915,0.236294057757334,2.9746186288459,0.122979491746976,0.186374185805848,4.84719980581804,0.644085853829598,5.48958444541617,0.239079094371387,0.959911140997526
0.00057741210182007,3.08282950951179,0.0490605662207293,0,0.0130987282805969,0.235824486761066,0.506644840738673,0.250790905651068,0.0988053944518396,6.64232542961859,0.581419510955353,5.39210695930553,0.149243407025719,1.13142863374316
0.0208269297219917,0.769972128576242,0.15789416022893,0,0.0221784210791129,0.293794417198736,2.23993724259176,0.111833564400156,0.195846470395427,4.33459234416492,0.531440870818823,5.42182992298686,0.126380455322784,1.7889966103741
0.0033799933833495,0,0.632476280313077,0,0.0136519288238654,0.123575649660115,2.28169037834379,0.0410310076188549,0.0904260264445608,11.1481406711244,0.465713573935948,5.38990795561187,0.413077387249635,0.35348989386817
0.00489643992931177,0,0.289711609797655,0,0.0171418916710298,0.225486234776781,2.93831587660711,0.0923164062308922,0.167009333873118,6.31816721341608,0.724685713300025,5.51661693995989,0.320365689202125,0.958714010822904
0.134704918898966,0,0.438409775532692,0.0237449741731846,0.0149999877054505,0.160754712252456,2.550582449592,0.0324363040939864,0.575857295590002,10.676067788563,0.49806642839795,5.20244281546962,0.0906636797517933,1.23791260069174
0.295171333690752,0,0.501801294806404,0,0.0185091768341783,0.186872071222188,2.636852310258,0.0498597277882833,0.659810877159688,10.2635293990517,0.568535371412572,0.28687826991066,0.717184768487338,0.211790148205176
0.00106186316283437,0,0.283651291132893,0,0.0182536605295537,0.254782254551888,3.36948027951258,0.195152328766874,0.0790380852783881,3.95901266120794,0.733721718822822,5.4956471276328,0.36872083242467,0.895606597582558
0.27166804545601,0,0.432839523340284,0,0.0164346887599503,0.119614024862129,2.5199686063865,0.0417902892212342,0.568643102732344,10.6346572429377,0.491571471632958,5.48673919432028,0.61622191777589,0.237004928691816
0.0104361411380741,0,0.689278807391098,0,0.0191653403791714,0.201497029002345,3.4050846208857,0.0655664358789631,0.124389831796709,7.20660874028737,0.683200549865557,5.54443571139858,0.398585485135961,0.622000426146764
0.000642161247723267,2.91655652590287,0.146728909745666,0,0.0147453608890144,0.228006693718579,1.0688976377309,0.29593325717089,0.139439935093065,5.81300086286813,0.649544232850002,5.50743515629623,0.226038608251824,0.843129759191889
0.111993037450798,0,0.774267453032461,0,0.0231955768043522,0.238549268363301,3.95570291559621,0.0883867067214903,0.194694668680642,6.63643694972402,0.597716832592158,3.3449342241572,0.390114558281385,1.0227607309497
0.00296230916479077,0.792107300582128,0.21721962273249,0,0.0155442928384193,0.255320450021709,0.268931223524557,0.323968525908451,0.255960147857514,5.37615561442163,0.725611260552043,5.33682638788236,0.131503224273903,1.13056910671933
0.153900897851211,0,0.880328443593572,0.0434961858867197,0.0379592917052505,0.273518055659524,3.79599825718062,0.0768199222350252,0.221379274918067,6.48567028476904,0.67858941250181,1.19929104508735,0.679026575394701,0.724077734943258
0.00371303541176771,0,0.10371269814698,0,0.0199259392232734,0.298165749393055,4.11434831942155,0.111373086393461,0.124484391471715,3.15650867974051,0.771975588560118,5.45038271313052,0.204385129306556,1.65375663791971
0.00140595810090705,2.80189160771079,0.0548883987554611,0,0.0141744097324223,0.260374533250553,1.34178962652387,0.258723776435183,0.0711881905955742,5.44662116410048,0.467181513813032,5.56516788202104,0.148114105002265,1.24199927440556
0.00427670866429819,0,0.536469618508376,0.0374002597571013,0.0206083403634085,0.243431919678579,3.85131707181438,0.127208000365762,0.190215488180868,4.54996095070739,0.651027680641387,5.49192833465725,0.40778758910404,0.918564074628145
0.220470386410919,0,0.433065130865952,0,0.0173836655761761,0.133723397300008,2.43952649162964,0.0429284643137216,0.568953228200459,10.625893215613,0.491801729767777,5.48257267517821,0.549313512419927,0.312890955117977
0.0091720723883811,0,0.326310342331864,0,0.0192082664018587,0.197721352948697,1.54609238047594,0.0788147618596285,0.199515929996165,6.38012735597863,0.661628973038411,5.50826919183431,0.459764613869593,0.848604211292954
0.26038604967486,0,0.432497239639754,0,0.0156679278452264,0.11642531054763,2.60068374489387,0.0276974831316399,0.568135359475578,10.6701237769777,0.49129030867881,5.50316070626426,0.833720953015161,0.33700837504659
0.00679409991196197,0.783054853075547,0.214729957917373,0,0.015366575054755,0.243723060858204,0.686580678494142,0.281417653564721,0.253026944286781,5.38710579513736,0.717356710015635,5.45356313026036,0.241580623741394,0.989362885367054
0.199973212737497,0,0.446474064534116,0.0241756049991811,0.0161677803177903,0.143906314010504,2.40290662132032,0.0274990713622624,0.58638230158333,10.6861191571744,0.507320345954313,4.8208969955517,0.219821812226773,1.26095499993638
0.0050715860233031,0,0.152126424173323,0,0.0186068207259811,0.207080629135342,3.58470582824019,0.0955724637391658,0.185101299492976,4.86870327420722,0.640195063275711,5.52918260239186,0.55472752618832,0.896075102940167
0.00261305458856828,1.97062233718713,0.0570881451985406,0,0.01352054548063,0.220088538628271,1.32034867134005,0.3552188212521,0.1333399091339,6.77492705613978,0.633444511065138,5.18996222273903,0.186358798847447,0.8387858062556
0.00137431813203794,0.938209100820273,0.188102521364888,0,0.0160156990187877,0.241346321295148,1.32910979184309,0.204880990678417,0.152594070007872,4.59147780481873,0.754731552500924,5.4943909553649,0.261465858198666,0.990720579556101
0.0544702111276514,0,0.661864253417784,0,0.0286638481603804,0.20491612550689,3.59034277618096,0.0536877458624204,0.166762149202327,6.6601970533056,0.509355171234517,5.22956700709114,0.478984108131897,0.749128691961221
0.00201833744561577,0.435481513478355,0.217466061056667,0,0.0142720342731339,0.208574674245029,0.819161163639445,0.228605603246044,0.141437632044234,5.61193009998071,0.6933484847336,5.47439461092155,0.291586128999209,0.811282381108881
0.00955030110132068,0,0.414119295011207,0,0.0185511350469455,0.223654605672987,3.05433899473975,0.166769070839983,0.154073002314975,4.55450525762525,0.747478885664473,5.41827451836922,0.71013920704323,0.909641344568656
0.00249438884083526,0,0.632491346669517,0,0.0136534406042562,0.135569405970312,2.05371791447621,0.0475472137491179,0.0904322745682077,11.1313671401682,0.465680204182806,5.40731939421141,0.305349773688416,0.467399052714307
0.137839644121974,0,0.432959277476079,0,0.0162768635907229,0.15217964281056,2.49182077935261,0.0396042526181633,0.568837327944867,10.6126897495355,0.49163953955728,5.4766305882443,0.464922775315745,0.305450218341448
0.0223881714134619,0.773513197437566,0.158814239532689,0,0.0222818537869674,0.32807486105761,2.89322061637656,0.0947668933720101,0.196868795683153,4.36141081699906,0.535216015894399,5.36898273441916,0.29935851445215,2.07158486864841
0.00125376491005501,1.20422624097285,0.22224430491873,0,0.0153626257731958,0.238026394186365,1.59173233634351,0.196545922481599,0.251885827949211,5.40706180418963,0.602772172907792,5.51336808382061,0.348476292903103,0.828343623330944
0.0023748372439539,0,0.10435628893845,0,0.0200709305840493,0.292803208226218,2.59163298250854,0.117482628451644,0.125328511290792,3.13401260778412,0.775745218415621,5.45516016022056,0.214990003110489,1.6305610008442
0.0479741939554333,0,0.660061187772809,0,0.0198513253845851,0.249967019970249,3.35089750365909,0.0652087705990342,0.166287778346052,6.67783052871146,0.508109578576898,5.26468323999373,0.058611762697868,1.73803138551419
0.259187036677874,0,0.501660082760931,0,0.0194353924315541,0.18534985451351,2.72641022430573,0.0683934641385015,0.659711061317091,10.2347644752827,0.568220592904145,0.0886254192610193,0.520126817292588,0.420494643104823
0.00738172899107377,0,0.420255963012496,0,0.015617109612923,0.240356522544995,0.253673003493343,0.201667044035307,0.15338325466384,4.93553181822784,0.764855418670931,5.17800784522669,0.294592955100182,0.937071837077392
0.120474679047626,0,0.436576953242081,0,0.0168852433669986,0.15085983330434,2.4014995746633,0.0563988737393323,0.573569673081152,10.6134625298913,0.495771778186996,5.31140230066188,0.417986652039148,0.396729294649503
0.00256290730747533,1.46342779962132,0.115003544334794,0,0.0142340482442367,0.224575999745887,1.49406628836923,0.12439601385872,0.164992843181458,6.54829817899841,0.520481007728479,5.50611438731639,0.224393328077909,1.1016532236107
0.00227130664515962,0,0.459940290258057,0,0.0214404631511332,0.26602862620375,3.7744428131136,0.081856790458915,0.0379829413218258,4.48943502909628,0.831750913740669,5.52473697203145,0.218627549287013,0.952242329502326
0.090754943130661,0,0.434835002038552,0.0235623380233104,0.0181630115931805,0.152598199193309,2.37167495499912,0.0594249109564743,0.571290723890315,10.6132863663697,0.493782598347665,5.39879536302065,0.319891218295298,0.532575044390269
0.00271375125548886,1.4579235366905,0.114559818258703,0,0.0141804274492368,0.237010431517274,1.4089745679755,0.149375148085489,0.164363556232129,6.54832868176951,0.518435848213471,5.5491682857608,0.180358492678926,1.19675357002275
0.0436509712951415,0,0.690698799830479,0.0342501605566052,0.0207564901173393,0.218237386868574,3.55325566453456,0.0622308783512738,0.173942490148417,6.65347039574382,0.531950486488933,4.74426251710096,0.195010291290611,0.982633201159123
0.154903299142747,0,0.454633955375111,0,0.0182405019582092,0.15817019538245,2.62166857874087,0.0513687136384369,0.597151912721612,10.632562387259,0.516462526980613,4.38315615754248,0.448416943556227,0.382506575940331
0.00769201718492198,0,0.691689649843238,0,0.0192301029468045,0.183376379557749,3.39351127722921,0.051818664659389,0.124817531643019,7.20967614254337,0.685663620456962,5.50364880407444,0.67680550116343,0.432428388615761
0.0949699765677606,0,0.433730536769693,0,0.012518150169299,0.148264118182504,2.35697429149197,0.0733348271627528,0.569863508399161,10.6028703117972,0.492488927304152,5.44992870514059,0.309455811249154,0.479766285585842
0.308379403661686,0,0.434890813125528,0,0.0136873071421622,0.136358394216979,1.47376092886192,0.0670035442883736,0.571458177201482,10.5593681720143,0.493673755286866,5.45085870542909,0.355832390615649,0.493154313413925
0.0303552775832309,0.771986121123608,0.158507114406251,0,0.0250224692846429,0.276801995146115,3.65022869563608,0.0833049885556559,0.196483520546216,4.36442468491019,0.53421780913865,5.36576761020223,0.59395130890414,1.2696083420791
0.00200952050848936,0,0.133205371952924,0,0.0185513663254984,0.273600806455384,2.62409504763261,0.130718198297691,0.076998191380653,4.40891459045163,0.713692907151616,5.47864468981041,0.223841694629034,1.15727850460777
0.0146856008935449,0,0.230200545520859,0.0359893573597375,0.0182793636627931,0.226415271910193,3.67883090489184,0.110893230472171,0.292703873248936,5.07230934651481,0.663595043685856,5.5285532843681,0.801091828188714,0.832526466756953
0.0031272237244439,0,0.318387598333393,0,0.0169768322302967,0.211668963557141,2.82097303754602,0.0837289755868223,0.188512042234245,7.08179367906016,0.57914333875137,5.52199015313966,0.324623425864625,0.745618069726942
0.00135342317194505,3.08896736756618,0.197627772206489,0,0.0159002288946724,0.27079138445952,1.19998783406712,0.199886355770912,0.157210128649269,4.04126288936275,0.788652601099682,5.53457371484848,0.133714839034178,1.17798631487934
0.187457994211926,0,0.432654560383247,0,0.0164276385045512,0.131053755607964,2.59699209031297,0.0361814845188268,0.568399496071738,10.6356090478213,0.491363215178734,5.48731345357234,0.589094671341858,0.300405067674003
0.00652747898324334,0,0.408873130960246,0.0373825974792706,0.0183141522679689,0.227566825176609,3.84213513394533,0.146577779368048,0.152110045894073,4.57055886020457,0.738210280551941,5.48930647705938,0.670498626817339,0.866501277817407
0.00391110402574825,1.13925292747654,0.193434689997817,0,0.0162840214703201,0.246675306405685,2.23645862536359,0.270238708137932,0.231830802567518,4.94431831104069,0.669680423123809,5.19613122123755,0.44270769099559,0.90108853412818
0.129323671633714,0,0.501389162524758,0,0.0194134035738083,0.179619209529545,2.51741671595746,0.0666771795919253,0.659151306302918,10.304090504263,0.568283850091362,0.679601205926031,0.50379180169303,0.398027770903831
0.0193602635050429,0,0.235031158582602,0,0.0185359203417099,0.327103561802205,3.41765344868279,0.107448118468506,0.298712402327312,5.08137702937359,0.678066754483046,5.3486515478175,0.176491472746089,1.9604390904863
0.00154406161370206,0.937733592363936,0.188029437991316,0,0.0160076776577182,0.25751089173807,1.38379373828727,0.204784860859831,0.152525669881137,4.59529286639006,0.754538944820437,5.4983024806136,0.205751515503152,1.1183093899857
0.215483643444489,0,0.432667537669027,0,0.0164282861078508,0.13143804491092,2.59684023018947,0.0372991432636825,0.568419347942446,10.6339190683794,0.491372776811027,5.48653310435882,0.5660840509978,0.275986516422818
0.0118808000033646,0,0.448773597926956,0,0.0200852038272504,0.226764457726935,0.435726876862783,0.148794949320584,0.166904500028893,4.50626968035598,0.810054069312488,4.80334384118061,1.25927519913001,1.03821021364665
0.000795062101038886,3.75601989197424,0.109783325467142,0,0.0164849856034826,0.325106752970848,1.41765721643577,0.204866551699875,0.161144640357988,3.7177387876442,0.620704190084755,5.47136456894161,0.118698903060497,2.12540173862159
0.0922321140036644,0,0.67959511092693,0,0.0294098159136696,0.192310817845111,3.59215865916291,0.0519548036860731,0.171166978033779,6.66331038099682,0.523321088958869,4.93372692107305,0.748284872743699,0.551364741031097
0.272165487317617,0,0.498726689520331,0,0.0158052739532415,0.187046624169657,2.7489132647766,0.0568294818927042,0.655404403759069,10.3946678233936,0.565727759697645,1.09407146038505,0.544316396087682,0.396321254060872
0.00107323657803145,0,0.286939822831693,0,0.0184628003673294,0.288391799146737,2.63089805142952,0.197398428065077,0.0799500038799788,3.95315258473831,0.742236591950159,5.43117431158452,0.164462979738921,1.45544409683476
0.0880514403548487,0,0.826905883867671,0,0.035624778105371,0.234933688205127,4.46789876760484,0.0626513280424766,0.207828565130144,6.58976153575486,0.638631933236938,2.34041298018548,0.707236065852369,0.681876852130141
0.000528310801077388,3.05765113411027,0.0181868030568163,0,0.016160568143932,0.307737387047324,1.37310383489459,0.218446860498981,0.155646407244117,4.22660460093029,0.586077448020952,5.52097145219361,0.118110789170805,2.04808081317187
0.00798493636823648,0,0.692080919738512,0,0.0192421372718116,0.178346803880166,3.31706181376304,0.0555697863777317,0.124892138224656,7.2043814859271,0.686001880317401,5.50107042464538,0.545999872095406,0.526966965374446
0.0173338096397622,0,0.371679993155199,0,0.0198505112082687,0.227132436499088,2.36693738562824,0.1473215848103,0.148058908645261,4.97723944293286,0.708729198517107,5.4983733664974,0.480408849772988,0.81344085817911
0.00130194007434016,0,0.0904559545303557,0,0.0184392858134018,0.287216316804836,1.9929379044958,0.24637410449728,0.122633476886042,3.60400411117385,0.796677816576675,5.42509182374494,0.122652387637286,1.43099057825584
